id,name
binance_futures,Binance (Futures)
weex-futures,WEEX (Futures)
hyperliquid,Hyperliquid (Futures)
bybit,Bybit (Futures)
mxc_futures,MEXC (Futures)
gate_futures,Gate (Futures)
ftx,FTX (Derivatives)
coinw_futures,CoinW (Futures)
tapbit-futures,Tapbit (Futures)
bitget_futures,Bitget Futures
okex_swap,OKX (Futures)
xt_derivatives,XT.COM (Derivatives)
toobit_derivatives,Toobit Futures
aivora-exchange-futures,Aivora Exchange (Futures)
whitebit_futures,WhiteBIT Futures
coinup-futures,CoinUp.io (Futures)
orangex_futures,OrangeX Futures
lbank-futures,LBank (Futures)
bingx_futures,BingX (Futures)
kumex,KuCoin Futures
huobi_dm,HTX Futures
ourbit-futures,Ourbit (Futures)
aster,Aster (Futures)
phemex_futures,Phemex (Futures)
deribit,Deribit
btse_futures,BTSE (Futures)
evedex,EVEDEX
variational-omni,Variational Omni
bitunix_futures,Bitunix Futures
deepcoin_derivatives,Deepcoin (Derivatives)
prime_xbt,PrimeXBT
bitkan-futures,BitKan (Futures)
lighter,Lighter
blofin,BloFin (Futures)
btcex_futures,BTCEX (Futures)
crypto_com_futures,Crypto.com Exchange (Futures)
bitvenus,BVOX (Futures)
bitfinex_futures,Bitfinex (Futures)
kcex-futures,KCEX (Futures)
hotcoin-futures,Hotcoin (Futures)
zoomex-futures,Zoomex (Futures)
bitrue_futures,Bitrue (Futures)
kraken_futures,Kraken (Futures)
grvt_futures,GRVT
edgex,edgeX
robinhood-chain-lighter-futures,Robinhood Chain Lighter (Futures)
bulk,BULK
antarctic,Antarctic 
qfex,QFEX
biconomy-futures,Biconomy (Futures)
gmx-perpetuals-v2-solana,GMX Perpetuals V2 (Solana)
dmex,DMEX
sodex-futures,SoDEX (Futures)
extended,Extended
coinbase_international_derivatives,Coinbase International Exchange (Derivatives)
ostium,Ostium
levex-futures,LeveX (Futures)
apex-omni,ApeX Omni
alphax-futures,AlphaX (Futures)
pacifica,Pacifica
bydfi-futures,BYDFi (Futures)
backpack-futures,Backpack (Futures)
ondo-perps,Ondo Perps
io-trader,IO Trader
arcus-futures,Arcus (Futures)
nado,Nado
derive-futures,Derive (Futures)
risex,RISEx
vest-exchange-futures,Vest Exchange
kalshi,Kalshi
globe_exchange_derivatives,Globe (Derivatives)
gmx-perpetuals-v2-arbitrum,GMX Perpetuals V2 (Arbitrum)
standx,StandX
dydx_chain,dYdX Chain
bullish-futures,Bullish (Futures)
orderly_network_derivatives_evm,Orderly (Derivatives)
bitstamp-futures,Bitstamp by Robinhood (Futures)
aqx_derivatives,Flipster
aevo,Aevo
woo_network_futures,WOO X (Futures)
paradex,Paradex
niza-fun-futures,Niza.fun (Futures)
astros,Astros
gate-perp-dex,Gate DEX
zb_derivatives,ZB (Derivatives)
hashkey-global-futures,HashKey Global (Futures)
decibel,Decibel
valr-futures,VALR Futures
bigone_futures,BigONE Futures
gmx-perpetuals-v2-avalanche,GMX Perpetuals V2 (Avalanche)
hitbtc_derivatives,HitBTC (Derivatives)
gemini_derivatives,Gemini Derivatives
synfutures,SynFutures
katana-perps,Katana Perps
delta_futures,Delta Exchange (Futures)
strike-finance,Strike Finance
synthetix-perps,Synthetix
sparkdex-perps,SparkDEX Perps
kiloex-bsc,KiloEx (BSC)
dipcoin-futures,Dipcoin (Futures)
kiloex-base,KiloEx (Base)
kiloex-opbnb,KiloEx (opBnb)
deriw,DeriW
spacewhale,SpaceWhale
ox-fun,Quanto
sunperp,Sunperp
bluefin_futures,Bluefin (Futures)
vertex-edge-abstract,Vertex Edge (Abstract)
bitflyer_futures,Bitflyer (Futures)
orderly_network_derivatives,Orderly (Derivatives) (Near)
coinflex_futures,CoinFLEX (Futures)
cme_futures,CME Group
myx-bsc,MYX (BSC)
vertex-edge-sonic,Vertex Edge (Sonic)
bitforex_futures,Bitforex (Futures)
myx-linea,MYX (Linea)
gtrade-polygon,gTrade (Polygon)
gtrade-base,gTrade (Base)
gtrade-arbitrum,gTrade (Arbitrum)
defx,Defx
jex_futures,Binance JEX (Futures)
vertex-edge-base,Vertex Edge (Base)
bitz_futures,BitZ (Futures)
fwx-futures,FWX (Futures) (Avalanche)
ln-exchange-futures,LN Exchange (Futures)
bibox_futures,Bibox (Futures)
bakkt,Bakkt
basefex,BaseFEX
spherex,SphereX
gmo_japan_futures,GMO Coin Japan (Futures)
hbtc_futures,BHEX (Futures)
jojo-exchange-futures,JOJO Exchange
dydx_perpetual_l1,dYdX Perpetual (L1)
cointiger_futures,CoinTiger (Futures)
hopex,Hopex
bitmax_futures,AscendEX  (BitMax) (Futures)
bitmart_futures,Bitmart Futures
biki_futures,Biki (Futures)
zbg_futures,ZBG Futures
btcmex,BTCMEX
bithumb_futures,Bithumb (Futures)
liquid_derivatives,Liquid Perpetuals
duedex,DueDEX
mcdex,MCDEX (Arbitrum)
vertex-edge-sei,Vertex Edge (Sei)
fwx-futures-base,FWX (Futures) (Base)
kwenta_derivatives,Synthetix Exchange
gmx-perpetuals-v2-botanix,GMX Perpetuals V2 (Botanix)
vertex-edge-mantle,Vertex Edge (Mantle)
mycoinstory,MCS
aax_futures,AAX Futures
monday-trade-perp-dex,Monday Trade Perp DEX
poloniex_futures,Poloniex Futures
acdx_futures,ACDX Futures
stormgain_futures,Stormgain Futures
c_trade,C-Trade
futureswap,Futureswap
bit_com_futures,BIT (Futures)
zkera-finance-metis,zkEra Finance (Metis)
alpha_five,Alpha5
perpetual_protocol,Perpetual Protocol
leverj,Leverj
bullish_futures,Bullish Futures (OLD)
flash-trade,Flash Trade
aboard-exchange,Aboard Exchange
equos_perpetual,EQONEX (Perpetual)
dydx_perpetual,dYdX Perpetual (Ethereum)
blitz,Blitz
ebi-xyz,EBI.XYZ
kiloex-manta-pacific,KiloEx (Manta Pacific)
mcdex_bsc,MCDEX (BSC)
merkle_trade,Merkle Trade
injective_futures,Helix (Futures)
fmex,FMex
drift_protocol,Drift Protocol
coinex_futures,CoinEx (Futures)
equation,Equation
powertrade_derivatives,Powertrade (Derivatives)
ktx_finance_arbitrum_derivatives,KTX.Finance (Arbitrum)
btcc_futures,BTCC Futures
vertex-protocol,Vertex Protocol
coincall,Coincall
enclave-markets,EnclaveX
surf-protocol,Surf Protocol
polynomial-trade,Polynomial Trade 
dextoro,DexToro Pro
turboflow,TurboFlow
levana-perps-osmosis,Levana Perps (Osmosis)
mango_markets_derivatives,Mango Markets (Derivatives)
kine-protocol-derivatives,Kine Protocol (Derivatives)
zkera_finance,zkEra Finance
ktx_finance_mantle_derivatives,KTX.Finance (Mantle)
holdstation-defutures,Holdstation DeFutures
zkera-finance-telos,zkEra Finance (Telos)
ktx_finance_bsc_derivatives,KTX.Finance (BSC)
coincatch_derivatives,CoinCatch Derivatives
fameex_futures,FameEX Futures
rabbitx,RabbitX
mufex,MUFEX
bitmake_futures,BitMake Futures
arkham_futures,Arkham (Futures)
myx,MYX
demex_derivatives,Demex (Derivatives)
navigator,Navigator
vertex_protocol_derivatives,Vertex Edge (Arbitrum)
opnx_derivatives,OPNX Derivatives
gmx_avalanche,GMX Derivatives (Avalanche)
gmx_arbitrum,GMX Derivatives (Arbitrum)
polymarket-perps,Polymarket Perps
cointr_derivatives,CoinTR Pro (Derivatives)
niza-fun,Niza.fun
overlay-protocol,Overlay Protocol 
fairdesk_derivatives,Fairdesk Derivatives
bitmex,BitMEX (Derivative)
apex_pro,ApeX Pro
d8x-futures,D8X (Berachain)