id,name,description
gently-used,Gently Used,gently used things
in-a-something,In A Something,"Crypto tokens that has something inside a something, usually an animal in a vehicle."
big-tech,Big Tech,"Crypto Tokens that reference Big Tech Companies, like NVIDIA, AMD or TESLA in comical ways."
kamala-harris,Kamala Harris,Tokens related to Kamala Harris
someones-thing,Someones Thing,Things that are owned by popular figures.
emoji,Emoji,"Tokens that derive their branding, ticker, and identity directly from known emoji characters."
unicorn-memechain,Unicorn Memechain,"Crypto tokens that are related to unicorn.memes, the memechain."
chicken,Chicken,Tokens related to chicken
boopfun-launchpad,Boopfun Launchpad,Tokens launched from the boopfun token launchpad.
deep-web,Deep Web,Tokens related to Deep Web
long-things,Long Things,"Crypto tokens that are longer than the rest, starts with ""long""."
t-on-ton,T On Ton,T something that is launched on Ton
moltbook,Moltbook,Tokens associated with Moltbook.
the-zoo,The Zoo,Crypto tokens that reference viral zoo animal names.
elon,Elon,Things and Brands related to Elon Musk
whale,Whale,All types of whale tokens. This category is automatically updated with the latest whale tokens.
pons-launchpad,Pons Launchpad,Tokens launched on pons (https://ponsfamily.com/launchpad).
acronym,Acronym,Crypto tokens that sounds cooler as an acronym
meme,Meme,Tokens that are memes or related to meme images.
cat,Cat,Tokens with a cat
goat,Goat,Crypto tokens that are related to goats.
donald-trump,Donald Trump,Tokens related to Donald Trump
us-presidential-election-2024,Us Presidential Election 2024,"Tokens related to US presidential candidates, primarily Trump vs Biden."
fourmeme-launchpad,Fourmeme Launchpad,Tokens launched on four.meme launchpad. 
strategy,Strategy,"Crypto tokens related to social experiment where platforms test out economic model where transaction fees are used to purchase NFTs from the open market, which are then relisted for sale at a higher price."
pokemon-themed,Pokemon Themed,"Tokens that are inspired by and themed around the Pokemon franchise and its expansive universe. They are primarily unofficial, community-driven projects paying homage to the series, featuring specific characters, events, trainers, regions, trading cards, o"
wallet,Wallet,Crypto tokens that are related to wallets.
bonk-flippers,Bonk Flippers,"Crypto Tokens that are Bonk alternatives, or competing with Bonk."
tiktok-memes,Tiktok Memes,Crypto tokens with memes originated from TikTok or Douyin.
americadotfun-launchpad,Americadotfun Launchpad,"Tokens launched on America.fun, the first USD1-native launchpad."
terminal-of-truths,Terminal Of Truths,Tokens mentioned by the terminal of truth at https://x.com/truth_terminal
wall-street-bets,Wall Street Bets,Tokens that pay homage to the r/wallstreetbets community.
pumpfun-charity,Pumpfun Charity,"Pump.fun rolled out a ""Charity Coins"" feature that auto-routes a portion of trading fees directly to verified real-world charities, with on-chain real-time donation tracking."
yoinkdotfun-launchpad,Yoinkdotfun Launchpad,"Tokens launched through Yoink (https://yoinkai.fun/), an agentic launch and trading terminal on Robinhood Chain."
presale,Presale,Crypto tokens that had a presale event to raise funds.
chinese,Chinese,"Tokens that has a Chinese ticker, or translation and relevance."
urban-dictionary,Urban Dictionary,Tokens that use abbreviations and slangs we use in real life.
bots,Bots,"Tokens that are related to bots, like Telegram, Discord or Crypto Sniping Bots."
sticker,Sticker,Stickers used in chat apps.
creatorbid-launchpad,Creatorbid Launchpad,Creator.bid is a launchpad that allows you to create and tokenize AI agents on Base.
doge,Doge,Tokens that are related to Doge the original meme.
girl,Girl,Tokens related to females especially younger women/ girls
clawpump,Clawpump,Tokens launched by clawpump AI Agents.
color,Color,Crypto Tokens that has a colour in the name or ticker.
kabosu-family,Kabosu Family,"Crypto Tokens related to Kabosu, a Shiba Inu dog from Japan known as the Doge meme. This category tracks all Neiro, Kabosu and Ginnan tokens."
ghibli-themed,Ghibli Themed,"Tokens has Studio Ghibli themed style artwork. Recent AI advancement has made the iconic Studio Ghibli animation style available through AI image generation, which led to a viral trend on social media."
animal,Animal,Tokens that are related to any types of animals
prediction-markets,Prediction Markets,"Tokens representing decentralized protocols that allow users to trade on the outcome of future events. The tokens typically function as governance assets, liquidity incentives, or dispute-resolution tools within the ecosystem."
spl22,Spl22,
bankr-launchpad,Bankr Launchpad,Tokens launched on bankr platform (https://bankr.bot/)
ansem-launchpad,Ansem Launchpad,Tokens launched on ansem.io (https://ansem.io/).
hybrid-defi,Hybrid Defi,
farcaster,Farcaster,"Farcaster does not have an official token, but there are so many tokens created through Farcaster, here are your choices."
ai,Ai,"Tokens related to Artificial Intelligience, Machine Learning and LLMs."
finance-giants,Finance Giants,Tokens that are related to big financial institutions.
founders,Founders,Crypto tokens that are related to founders of products and startups.
minecraft,Minecraft,Crypto tokens that are related to minecraft games.
baseline,Baseline,Tokens deployed via Baseline protocol (https://terminal.baseline.markets/) and its proprietary Baseline Market Maker (BMM). 
harry-potter,Harry Potter,Tokens that are related to the Harry Potter book series.
bowdotfun-launchpad,Bowdotfun Launchpad,Tokens launched on bow.fun (https://bow.fun/).
uranus-launchpad,Uranus Launchpad,"Tokens launched on Uranus, a launchpad on The Open Network (TON) developed by x1000.finance, featuring a 70% creator fee-sharing model and automated CPMM v2 liquidity migration."
kumbaya-launchpad,Kumbaya Launchpad,Kumbaya is a community-first DEX and launchpad designed as a high-performance hub for 'cult' tokens and cultural assets.
gotta-catch-fun,Gotta Catch Fun,"Gotta Catch 'Em All (https://gottacatch.fun) is a Pokemon themed Solana platform where every Pokémon coin pays creator rewards into a single Master Pool. Every $CATCH holder earns from the pool, but your share scales with how many Pokémon you've caught.  C"
trends-launchpad,Trends Launchpad,Tokens launched from Trends.fun launchpad for the capitalized information market. https://trends.fun
trenchtoday-launchpad,Trenchtoday Launchpad,Trench is a high-performance Solana launchpad and trading terminal optimized for community-driven 'trench' launches that emphasize fair distribution and competitive liquidity bootstrapping.
takeoverfun-launchpad,Takeoverfun Launchpad,Tokens launched on takeover.fun - a launchpad that attaches a gamified fee-sharing board to each asset. It utilizes special rules—specifically a 100-tile continuous auction and a Harberger tax system—to distribute trading revenue directly to active tile ho
memoo-launchpad,Memoo Launchpad,Tokens launched from Memoo launchpad. (https://memoo.fun/)
cup,Cup,Tokens that are related to cups and mugs.
livestream,Livestream,Devs that livestreamed the token creation.
defi,Defi,"Crypto tokens that are related to DeFi projects, financial liquidity protocols or markets."
cto,Cto,Tokens that are approved of Community takeover (CTO) on Geckoterminal.
celebrity,Celebrity,Tokens with name or meme that are related or made by celebrities.
zora-content,Zora Content,Tokens that are tokenized on Zora for a social content.
charms-character,Charms Character,"Charms Character Markets are tokenized social assets representing autonomous AI personas, allowing users to trade on the growth and influence of specific AI agents through a bonding curve."
ape,Ape,Tokens related to the great apes 
uniswap-v4-hooks,Uniswap V4 Hooks,Tokens of protocols whose core product is built on Uniswap v4 hooks.
the-boys-club,The Boys Club,"Tokens that are related to the members of The Boys Club by Matt Furie. Including Pepe, Brett, Andy and Landwolf."
commodities,Commodities,"Crypto tokens and pools that are related to commodities in real life, like Gold, Silver and Diamond."
mining,Mining,"Tokens that are either proof of work, or let users get a share of their tokens with an activity."
pump-fun,Pump Fun,Crypto tokens that were minted from Pump.fun. Pump.fun is a platform for token fair-launches with no presale and no team allocation. This list is automatically updated for all latest graduated Pump.fun tokens.
murad-picks,Murad Picks,"This list features the top token picks by @MustStopMurad, a memecoin influencer. (See more at https://x.com/MustStopMurad/status/1845204492414791870)"
chains,Chains,Crypto Tokens that has a ticker similar to other chains.
japanese,Japanese,"Crypto tokens that has a japanese ticker, or a relevance to japanese culture."
topblastlol-launchpad,Topblastlol Launchpad,"Tokens launched on TopBlast.lol, a launchpad native to the The Open Network (TON) blockchain."
virtuals-protocol,Virtuals Protocol,Crypto tokens that were minted from Virtuals Protocol. Virtuals Protocol is building the co-ownership layer for AI agents in gaming and entertainment.
baby,Baby,Tokens that are figuratively small... but mighty
x402-protocol,X402 Protocol,"Projects using the x402 protocol, where AI agents can buy, sell, and pay each other without any human in the loop."
sol-tech,Sol Tech,"Crypto tokens that envisions an additional layer of utility to Solana and starts with ""Sol"""
fruits,Fruits,"An apple a day keeps the doctor away, what about other fruits?"
metadao-launchpad,Metadao Launchpad,All tokens that launched from Metadao's ICO program.
telegram-apps,Telegram Apps,Crypto tokens that has a telegram app.
reddit,Reddit,"Crypto tokens related to reddit and its mascot. This category is automatically updated with any ""reddit"" token."
artist-tokens,Artist Tokens,Tokens that are created by internet artists.
fashion,Fashion,Brands that are related to fashion and clothing.
resistance,Resistance,Tokens related to digital resistance
food,Food,Tokens that are named after food.
pathogen-themed,Pathogen Themed,"Pathogen-themed memecoins related to the viral infectious diseases, historical plagues, and emerging global health outbreaks."
clanker-world,Clanker World,Tokens that were created by clanker.world. Clanker.world is an autonomous memecoins machine that launches tokens on Farcaster posts.
robinhood-tokenized-securities,Robinhood Tokenized Securities,Tokenized securities and RWAs natively issued or managed within the Robinhood Chain infrastructure.
jail,Jail,The JailVerse: Where each token represents the community's battle cry against crypto's most prominent players.
fictional-character,Fictional Character,"Tokens related to fictional characters from movies, comics, books etc. "
ai-agents,Ai Agents,Crypto tokens that are related to AI agents on other platforms.
pumpfun-bip-hackathon,Pumpfun Bip Hackathon,Projects that participated in Pumpfun Build In Public Hackathon. (https://hackathon.pump.fun/)
mascot,Mascot,"Tokens with a unique mascot. This category is automatically updated with all latest ""mascot"" crypto tokens."
archives,Archives,"Tokens that belong to projects that are archiving information, like Magazines and Books."
world-cup-coins,World Cup Coins,"World Cup Coin is an independent fan project around one Pump.fun–style token per country on Solana, creating an additional form of betting on the world cup alongside polymarket and known gambling websites like bet365. 50% of the creator fees of all the cou"
stock-paired-tokens,Stock Paired Tokens,Tokens whose liquidity is quoted against tokenized equities or ETFs rather than a gas coin or stablecoin.
psyop-anime,Psyop Anime,Tokens associated with the 'Psyop Anime' trend. Characterized by the fusion of anime aesthetics—often AI-generated—with satirical commentary on global news and market events.
andrew-tate,Andrew Tate,Crypto tokens that are related to daddy Andrew Tate.
influencer,Influencer,Tokens that are related to named after Twitter KOLs or Influencers.
ascii,Ascii,"Crypto tokens that have ascii symbols as tickers or names. Not limited to Japanese Kaomojis, emojis or ascii art."
believeapp-launchpad,Believeapp Launchpad,Tokens launched from Believe.app (https://x.com/believeapp). 
social-experiments,Social Experiments,Crypto tokens that launched with a unique way of experimenting with the community.
the-bags-hackathon,The Bags Hackathon,Projects that participated in The Bags Hackathon. (https://bags.fm/hackathon/apps)
pepe,Pepe,"All tokens that has the ticker PEPE, or related to PEPE. This category is automatically updated with new PEPE tokens."
numbers,Numbers,"Crypto tokens inspired by internet subcultures and number-based wordplay. These projects utilize viral numerical sequences, such as 114514 and 45470, to foster shared identity and signaling through niche online humor and cultural symbolism."
erc404,Erc404,ERC404 is a token standard on Ethereum that combines the attributes of NFTs and fungible tokens.
anime,Anime,Tokens that are related to Japanese cartoons or anime
stonks-launchpad,Stonks Launchpad,Tokens launched from Stonks launchpad. https://stonkslabs.com/trade/ton
dark,Dark,Crypto tokens that have dark profile pictures.
mcdonalds,Mcdonalds,"Tokens that are related to McDonalds, a fast food chain."
geopolitics,Geopolitics,"Tokens that derive their branding, community, and speculative value from real-world geopolitical events, nations, or global conflicts."
countries,Countries,Tokens that are relevant to country names and places.
wojak,Wojak,"Tokens inspired by the 'Wojak' or 'Feels Guy' character. These projects leverage the meme's long-standing history in internet culture to reflect the highs and lows of the crypto market, often focusing on themes of community, empathy, and trading sentiment."
poorly-drawn,Poorly Drawn,"Tokens with an MS Paint style poorly-drawn version of a character, like Spooderman."
nmurad-picks,Nmurad Picks,"This list features the top token picks by @muststopnigg, a memecoin influencer. (See more at https://x.com/muststopnigg/status/1901802031465021503)"
with-something,With Something,"Token with something, like with hat and others"
inu,Inu,"Tokens related to Inu or has the name ""Inu"""
chill,Chill,"Its okay, these crypto tokens are just chill tokens."
easya-kickstart-launchpad,Easya Kickstart Launchpad,Tokens launched from EasyA Kickstart launchpad. https://kickstart.easya.io/
space-themed,Space Themed,"Tokens that draw their central branding, narrative, or community identity from space exploration, celestial bodies, or prominent aerospace organizations. This includes tokens inspired by SpaceX, NASA, Mars missions, astronauts, galaxies, or specific space-"
autofun-launchpad,Autofun Launchpad,"Tokens launched from auto.fun launchpad, by the ElizaOS team."
dog,Dog,All types of dog tokens. This category is automatically updated with the latest dog tokens.
timefun,Timefun,Tokens launched from time.fun launchpad.
prestocks,Prestocks,"PreStocks are tokens that track the valuation of pre-IPO companies.  Fully backed by SPV exposure, and freely tradable 24/7."
trading-card-game,Trading Card Game,Tokens related to the trading card game meta.
sun-pump,Sun Pump,Crypto tokens that were minted from Sunpump. Sunpump.meme is a platform for token fair-launches on Tron.
flaunch-launchpad,Flaunch Launchpad,Tokens launched from the flaunch launchpad. (https://flaunch.gg/)
tokenized-stocks,Tokenized Stocks,Tokenized stock refers to digital representation of stock on a blockchain platform.
simply-drawn,Simply Drawn,Crypto tokens that has mascot made with simple or abstract shapes.
astrology,Astrology,Crypto tokens that are related to astrology signs like Sagittarius or Virgo.
long-launchpad,Long Launchpad,
desci,Desci,"Tokens that are related to DeSci, or Decentralised Science."
gaming,Gaming,tokens related to gaming projects.
zora-creator,Zora Creator,Tokens that are tokenized on Zora for a creator.
letsbonkfun-launchpad,Letsbonkfun Launchpad,"Tokens launched from the letsbonkfun launchpad, https://letsbonk.fun/."
arvr,Arvr,"Tokens that are related to Virtual Reality and Augmented Reality, like the Apple Vision Pro."
hamster,Hamster,"As requested by the community, here are the crypto hamsters"
joe-biden,Joe Biden,Tokens that are related to Joe Biden
milady,Milady,Crypto tokens that are related to Milady Maker or spinoffs counterparts.
memechan-launchpad,Memechan Launchpad,"Crypto tokens minted from memechan, a launchpad designed to provide a seamless and efficient platform for token creators."
floki,Floki,"Tokens related to Elon Musk's shiba inu dog, named Floki."
perpetuals-platforms,Perpetuals Platforms,Tokens that are related to perpetual platforms that allows traders to speculate and take leveraged positions on the underlying asset prices indefinitely.
plane,Plane,Tokens that are related to airplanes and flights.
naddotfun-launchpad,Naddotfun Launchpad,"Tokens launched on Nad.fun (https://nad.fun/), combining fair-launch bonding curves with an AI-integrated social playground."
printr-launchpad,Printr Launchpad,Printr is chain-abstracted token launchpad with customizable fee models and an on-chain 'Proof of Belief' staking mechanism that rewards long-term community commitment.
binance-exclusive,Binance Exclusive,Tokens that are launched from Binance Wallet Exclusive launchpad. These tokens can only be traded using Binance wallet before they graduate from the bonding curve.
religion,Religion,Tokens that are related to religious vocabularies.
daosfun-launchpad,Daosfun Launchpad,Daos.fun is a launchpad for a creator-funded smart wallet with special rules that invests on behalf of DAO token holders.
nftstrategy,Nftstrategy,"NFTStrategy automatically buys and lists floor NFTs for a profit, using the trading fees generated by the tokens.."
robin-trade-launchpad,Robin Trade Launchpad,Tokens launched on Robin Trade (https://robintrade.fun/app).
nft,Nft,"Tokens that are related to NFTs, or NFT marketplaces."
dao,Dao,Crypto tokens that are related to DAOs (Decentralised Autonomous Organisations).
justice-themed,Justice Themed,Tokens that are made to bring social justice.
blum-launchpad,Blum Launchpad,"Tokens launched on Blum Memepad, a Telegram-native fair-launch platform on the TON blockchain."
audio-tokens,Audio Tokens,"TON tokens that has audio attached to it, and launched on GasPump."
developer-infrastructure-and-tooling,Developer Infrastructure And Tooling,Tokens representing projects whose primary product is onchain infrastructure or tooling consumed by other developers and applications. 
district-launchpad,District Launchpad,Tokens launched from the District Launchpad. (https://www.district.xyz/)
surge-launchpad,Surge Launchpad,All pools tied to the Surge Launchpad - a launchpad tied to tokenised startups.
digital-fiat-currencies,Digital Fiat Currencies,Tokens that are relevant to crypto-inspired digital currencies of different nations.
basedotmeme-launchpad,Basedotmeme Launchpad,Tokens launched from base.meme launchpad. (https://base.meme/)
spore-fun,Spore Fun,"Tokens that were created by Spore, autonomous AI agent for token reproduction and evolution powered by the Eliza Framework, Solana pump.fun and TEE verifiable computation."
verb,Verb,"Tokens with name of the english language describing an action, state, or occurrence."
sei-pun,Sei Pun,"Puns with the sound ""Sei"""
taylor-swift,Taylor Swift,"Tokens related to the celebrity, Taylor Swift."